manifest	5413812bf84b7d42ececfe1326832fc4dd7f93c2192092870d6e53ba4cc76680	-
	.dockerignore	100644	cd790e65566e9b2ca15395a6f01a968e9325aa3750aea844c194e2516a462581
	.github/workflows/u1-validation.yml	100644	a5b9954732c7611500c1d0853fe5bc40f4a60dd485257cbf381d4325039f4d39
	.gitignore	100644	eaca43e1ce1127910298c4950daf6a7132f8408bec90217c38addce180840eae
	.node-version	100644	6d07ac247e81cd42c2c20abf8dfe504413d6b2422e4aba9b2c975a776f155921
	.npmrc	100644	3b88d1057add6f92ec23dc22dd017e312ded13a042deb0ba6f08bad85d936456
	.prettierignore	100644	ab47af2e947e75107f9819a0b1a80ab288e24a1e2d34fbb2b73d841095b74b23
	.prettierrc.json	100644	401ce6b6c26b4914434a891badd3d9d331fa8a6ba6f44dc2f0cb4fc0a5263255
	Dockerfile	100644	606c0e8ad9d2b09bae1fb2d56fbc4e1c1ff5f42ce3948330595ba8908b83f5a1
	apps/api/package.json	100644	4828a7b12d1e2b90a85501202c51d904d9779dc4684d658e973aea4c1d2866f3
	apps/api/src/admission.ts	100644	6ddcbbd93197243be18032f79e9144277a8b4e06da71ff80e3183f2b938ccbe8
	apps/api/src/application.ts	100644	682554d8c693b4bc2096d01f8de4602de980b9ad3119db40c6ae966fe20722b5
	apps/api/src/authentication.ts	100644	2daf42b599d1e57747bdb010b494e4fb93a16fd7bdc09fd200516785247db0b2
	apps/api/src/index.ts	100644	6b6c7553fb25d7caf428ef89b03b27768bd6b517a32f010ab2b989b381e8d6b0
	apps/api/src/main.ts	100644	e9f0998c0d17eee1a5c8025c99ed9d4c3132e5864e6501f1e073d8e81361ed45
	apps/api/src/observation.ts	100644	64eab360cff80f18da0720c9fb4bd8862994d45c71f8043a97a2737a1b2eea01
	apps/api/src/operations.ts	100644	b50a4ce1f1034cbc7e1feeba42e144f8cdcbb62dc2e059a2d0ecd30ec929f45f
	apps/api/src/request-budget.ts	100644	bab6c1b08fcf04caf36a91af016c5142a6e7133d9b3b794d4214445e549c0aba
	apps/api/src/routes.ts	100644	1ef51fd1baffbe20bedb6412c0e8ebb9bd9e5f79d6c65c8bc76dd08b3d47883e
	apps/api/src/security.ts	100644	55026d4b2a96c0d5204db2b9aebc7b20f33ac0a0ad2ba735fcacb3f9370416dc
	apps/api/src/transport-input.ts	100644	2fba88c8304400f5bc5cb7dd4d1feba653ee2c3356a7acacd959de604b5f00c4
	apps/customer-web/app/api/[...path]/route.ts	100644	146daee2ffc4da2565fac7923cd2cb38670273073a9432a6aca0c2dd36fd07fc
	apps/customer-web/app/layout.tsx	100644	be4df13e0ca607abddd1ac911e647cc7310b3b73fceba8d023d43ccfc43b87a5
	apps/customer-web/app/page.tsx	100644	51d86f7f34aeb9418ff180e38925541119b69a251bdb924a3fd6d7c245f40e61
	apps/customer-web/next-env.d.ts	100644	0f70629890b72a0a82e91972cc032c04b658b26c265373cb711cf576bfbf8fcc
	apps/customer-web/next.config.mjs	100644	38f892ea71c05f2f4799c58b4de0576e76088b538c15daf47a7c35cb6a148ebf
	apps/customer-web/package.json	100644	b70583836d9b18d8202e08663cf98ed24f900590ef842b340e11b2e7180af852
	apps/customer-web/proxy.ts	100644	24756a3aaa03e33dea3c9bd18c1d98487d852adb237c3419b7ab92fcae9e61ba
	apps/customer-web/server.ts	100644	03290aeb6f51be2a4d6eb5b8449e524f192a0072a7bbf4e2a6e53004883afe02
	apps/customer-web/tsconfig.json	100644	d5d4c9886e3910f552d6aedb2bc4f1608c85f54f3048ad1e86ca90f598efe54e
	apps/staff-web/app/api/[...path]/route.ts	100644	69cc9fc7b6d932784fc56d02cfaf0ed08c9271e4cc6bd92526a421de206f038a
	apps/staff-web/app/layout.tsx	100644	270f29476efb91e8a490f1de4e520971de5e34d52b0ad2b7e667c1fc041d2d80
	apps/staff-web/app/page.tsx	100644	ea976e618bb70da21ec7ba2ad532d4a13f05e6fbed2a187815ee7bc47fa3cc42
	apps/staff-web/next-env.d.ts	100644	0f70629890b72a0a82e91972cc032c04b658b26c265373cb711cf576bfbf8fcc
	apps/staff-web/next.config.mjs	100644	38f892ea71c05f2f4799c58b4de0576e76088b538c15daf47a7c35cb6a148ebf
	apps/staff-web/package.json	100644	46eb49c0d2c22e40ec995a5893a44e16a02fb3d8057fb8480077778035748e13
	apps/staff-web/proxy.ts	100644	24756a3aaa03e33dea3c9bd18c1d98487d852adb237c3419b7ab92fcae9e61ba
	apps/staff-web/server.ts	100644	74f7abdd738b28a5e28c4c265c7287eef6de1b5c0dd86cedf38fc3c567d781c7
	apps/staff-web/tsconfig.json	100644	d5d4c9886e3910f552d6aedb2bc4f1608c85f54f3048ad1e86ca90f598efe54e
	apps/worker/package.json	100644	0014e9472bb879b4350ea89a040808aeb89f9555fe2b2548b8c5ebddfa79d2d0
	apps/worker/src/index.ts	100644	730273fe49d41d1938bf7f1ac87bf3b074e7ce90c2a07e6671c7b714833a9ae6
	apps/worker/src/main.ts	100644	defd883574fc874ab27689ac62a561aed91ab696ae9ba5dc1d67125884979b2d
	docs/u1/cdk-bundle-remediation.md	100644	be6fdf46fd86607e498c129e84d102935e524cb3328835b2997a4ed880f15f1e
	docs/u1/ci.md	100644	72cddd84c4cf0e2dbb3a99a87c7d2ad779c05addad0c4506ee9ccf526406636e
	docs/u1/customer-context.md	100644	185575ca514ce4f10afc5ab675d9ec9bddd3192d8625a1fb90c8756f6e2d23fa
	docs/u1/performance-profile.md	100644	9db48e327d6281054f9a02b22075522a4db84a0a812be04cea183b4bee7083c8
	docs/u1/readiness.md	100644	e80cf4d57a4933fdf62421f57d87f1dfdc40d1fd3da26cc71e47c96a7e538a44
	docs/u1/runtime.md	100644	77fdf345e677a18b9b99ee015a66028e4c7d7e26c00279d33f4b2712ff86d04e
	docs/u1/secret-exposures.json	100644	37517e5f3dc66819f61f5a7bb8ace1921282415f10551d2defa5c3eb0985b570
	docs/u1/security-exceptions.json	100644	37517e5f3dc66819f61f5a7bb8ace1921282415f10551d2defa5c3eb0985b570
	docs/u1/security-response.md	100644	dea9783abf2c08f67709d158e1a267fb8272e769b9fdbb5763c1787368bd051b
	eslint.config.mjs	100644	bedb453910e436ecda8997e52516cfdb9a8151e7c3cea0ac9ca12e4401105c24
	infra/cdk/assets/rds-ca-ap-northeast-2.pem	100644	913fb5b814f17af79d4c1622584a8d0ceddf5b0d76fe353d0c7d1186cdd6b229
	infra/cdk/package.json	100644	e14eadfa8cdd52ff79f52486e44257e839e20f69a95f7b3fd7110ddb8d83296a
	infra/cdk/src/compute.ts	100644	1c85cdb74c3a03aa3ffb87931adcbd8dc2d2f719313e66dc08f4a0ab5599aac3
	infra/cdk/src/index.ts	100644	17da27814b5784fd107707ba7da07e3a1769cb726e8491566bdaa0c679668557
	infra/cdk/src/network.ts	100644	534cc27cffc9ac1aedc8aa7ee59a1387c91bf9e81ababa5bcfdd6887aeabcb31
	infra/cdk/src/profile.ts	100644	3e0af1aa232bc65421cad97878915224b7803d005c7fcc679a5ae1850e8a0d89
	infra/cdk/src/runtime-binding.ts	100644	ee19cbca399b707b6b274ed5bcc57810d4f8f14b5b8f266b513c945bc6a37595
	infra/cdk/src/stack.ts	100644	d15456af762092b1d4206589e45ae505edbe0425755f021dac3e2d5efda06f87
	infra/cdk/src/storage.ts	100644	e8288baf70c01901a7db2a958f2f7c771cd642793c449f0b0424fb59fef6adcb
	package-lock.json	100644	fd2e6a06fb0a4713165d4729c0b92319e977f7647e3dc56d67ec354c07aedb21
	package.json	100644	82c7b28c6eec050744c2ba80407f48647144e9633f1fe98c43697fb47b5451ac
	packages/contracts/package.json	100644	e9970a1a6a9a4518883afd6125273e972e2133864425a31fc598b502cb7e0cdf
	packages/contracts/schemas/c00-v1.json	100644	28d70c0653993f859831e61dff4f8ca8496de0022f90fdec4051a7da35840508
	packages/contracts/schemas/c00-v2.json	100644	d1d37d713047c1dc54fb8820bd99c18a068c523327248325f88b7a5a14f73f2b
	packages/contracts/schemas/c01-v1.json	100644	1bfb40a8bf1041693397357ab38e76bc40e4115d77d05a234b6a1315e89389fe
	packages/contracts/schemas/c01-v2.json	100644	941f137b6b35682f5c3a68d7b72be0d71ed6183e24c6eccf5effaa19717a055c
	packages/contracts/schemas/c02-v1.json	100644	3f2749de6a650cb39d2c66f7905019d18eb03f8b006886ba3303e42cf96d80d6
	packages/contracts/schemas/c02-v2.json	100644	1425b47c291df20217c5786f0a1477e9027cb90eb88d2d792c9cb891423fac81
	packages/contracts/schemas/c03-v1.json	100644	50eb880a0348b58759e40179a98edb442a00fb36cab4b435c807ac6e65c4e053
	packages/contracts/schemas/c03-v2.json	100644	9f98e5cdb26cfb5b9b8a69b9c27746b89cec06da52fec921f4a2b5eaeac522e0
	packages/contracts/schemas/c05-v1.json	100644	6a76ee0fc5a917d9fa36e3cb537f805382d475da0c843f3c44fff36a37c87534
	packages/contracts/schemas/c05-v2.json	100644	d90ef3d37e2b9f55c0e13bf8efcab162ed99a73c4a2be0118beab15f99cc1ab1
	packages/contracts/schemas/c10-v1.json	100644	2e4f488a516cf72e0454e7cded211a6f19e68413e2e966d42c5b14b71e9805bf
	packages/contracts/schemas/c10-v2.json	100644	eeb838179b3fd35840e3c9a87f4cfb6e907fb3292ace72ef2cc603bad0d7fcda
	packages/contracts/schemas/c11-v1.json	100644	ca63180403ae76aafd7fae763c9403efd3e9032b7351e6de769af349a2c3d43c
	packages/contracts/schemas/c11-v2.json	100644	de29aef77c9bc522ae255119a897e56ecfc7af93ecd4bd4051b3066519e85543
	packages/contracts/schemas/c13-v1.json	100644	6236a208dadb7b8738e104a7cb770933402006a28e24b9b43af39195f69c5c37
	packages/contracts/schemas/c14-v1.json	100644	65aaacc37670f8b70b9ce5e07f2551306c8ed6dd17452da93a5258cfa57137aa
	packages/contracts/schemas/c15-v1.json	100644	72dc36ce7493bb7444c7b7d9483142179cd0599865b8a47d45c9dfd7ac347bb0
	packages/contracts/schemas/c16-v1.json	100644	eefcc4eab7a6b9341384bd6ed4daf8fab2b883107e78123e6f41fe59f4e159af
	packages/contracts/schemas/c17-v1.json	100644	e1238c6280d00d6067dce9e21a88ac365bc904620970bcf3ff485b95fd24df35
	packages/contracts/schemas/c18-v1.json	100644	3620c7da6c60d186335f28463440dcceabeb9a8e4d3c2a5427225c2bdefc7538
	packages/contracts/schemas/c19-v1.json	100644	82f8031d5c681567bdb795be86b8c301b53f3e0be6957a754b4b13c3a8a5582c
	packages/contracts/schemas/c20-e01-v1.json	100644	da2198b5d19502709743c8825506aff285770fdd3425cb23062abe1fe0abff83
	packages/contracts/schemas/c21-v1.json	100644	0e7a85c3dd02c73f02bca5b1aeada6d639a21567d2b6d44c5fdebb19220b28c6
	packages/contracts/schemas/c25-v1.json	100644	6be6dfbf08e9fc7cd992df3845636543c152dec5a5c67d009f36926027a44daf
	packages/contracts/schemas/c26-v1.json	100644	30705a3059dc9e38ebbb4d0252fbcb458dcfcf70391aba0053aa6dbe446cdebf
	packages/contracts/schemas/foundation-v1.json	100644	85dc7aae4d096cd69787e5922d6d619061f93c165104452bd489c652a41f6e01
	packages/contracts/schemas/operations-v2.json	100644	ea39cd8c53641b8c664332fe311fa131aef80b0c135d7281370ee0f892990d45
	packages/contracts/schemas/provenance.json	100644	647ff67bb5b400b50b72ecf2c8f143038753cbb46d448267ce6efd9f188b92be
	packages/contracts/src/canonical.ts	100644	9479293f80fbc3c86f33d18d042b4c957d480902896d39ece29bcd7e6fa27ad5
	packages/contracts/src/declarations.ts	100644	db5d6e1d16bdf96ab673e51666d07da59e00f2f9fa81e8ab6024c1579853d92d
	packages/contracts/src/errors.ts	100644	0ec44470a6d4051003fd1136fc853c8e7d846e7e56ce43eb217876158c020749
	packages/contracts/src/execution-budget.ts	100644	8eed9104513052220d04992244d924423c0bc51a3bca281d7f0a1ddb2c7c1b1f
	packages/contracts/src/index.ts	100644	ff1c20efa3e464642f093dd2d9428a0c61822810eb835f15ceb6b1a3e013020a
	packages/contracts/src/observation.ts	100644	ad65f9280e294adb3daedf64d36bbdcd6c084b262823747eb43526a26d13d414
	packages/contracts/src/registry.ts	100644	ac6f2008d0a8c05da4708618e56b9efaa8732d64a6895e3b6ccebbb9d0739cd2
	packages/contracts/src/schema.ts	100644	eb0f750011b8e85a2da1e2092e8b195e5eb09cee346edbe8cfd2c3f953436b9c
	packages/contracts/src/types.ts	100644	1b0a11d3a417ddf4ae8a934af5b185fef8e3e91b9acf381bf333a1610ff310a8
	packages/core/package.json	100644	54b85d9c92fc60aa83e36a8011e5ce0583600d31e03450ff5bb51ccb3005a074
	packages/core/src/authorization.ts	100644	3d94883d4d89cc8c7d4f6bdccae9324482fc7a8384f52ac04ec783ea98647390
	packages/core/src/catalog-query.ts	100644	acd592a6965c19680d9c09941eb48dc2a7bb9a239c2e3a5f900cd101e22e4629
	packages/core/src/catalog.ts	100644	01533616e090444cf51beac1c67e168d92bb857d79edd47156677ba98745aff2
	packages/core/src/commands.ts	100644	ad49528d485c5ae3c7c7adf83f2adde2a93c8d45af1fd72389a9ec82ea328e52
	packages/core/src/current-customer-scopes.ts	100644	7b5167b9bef0dacdc470a9a524b8f5943315a3f34159f4c7d4e7822dd1890dd3
	packages/core/src/customer-contexts.ts	100644	61b1f52a004d42088a9866029acf3fb116741b4ef58f612063d20ef027ac4637
	packages/core/src/enterprise-access-state.ts	100644	003721295f2e590fac6d8db6e175b41cda8242395b78f6fad77488958435f1e6
	packages/core/src/enterprise-access.ts	100644	1aa2ecb502693b40543b4cc7036556376c842bce6f01a0c52ed0286fe5025041
	packages/core/src/enterprise-application.ts	100644	fa9921b4ce3f22f994b4cede327091d55b9a10b6196f08977c94ef479ecdbb29
	packages/core/src/enterprise-designation.ts	100644	cfbb5055e19f82f5fe6ea3e7b94385e67d11085e56f3b2c728f5824286d994f9
	packages/core/src/enterprise-organisation.ts	100644	11c980591cd126300228bee588be6575533f6b88ccbcf85d80e9c9f51c9fc454
	packages/core/src/enterprise-policy.ts	100644	018fafa5ca067bd3963e113c0129b7c101c89bc3ca8edb1843f842aa138f788e
	packages/core/src/enterprise-query.ts	100644	a03295ecc385e2758f90cac09d73c94e812573914f588cf3f563b31902ad168d
	packages/core/src/enterprise-roles.ts	100644	f0ecb96966e3232ec12ed83be87f53a1511c0cb55e6d37cd69acf0b274bb8188
	packages/core/src/enterprise-scopes.ts	100644	8a45acb8d3a8d89994296e0a62309d89fb93aea00908a579d29a2554b205f6bc
	packages/core/src/enterprise-verification.ts	100644	f9edf89aa525428c3a26e4bbdb03b63976f8872ae5e33bb479519051b9a7e4ec
	packages/core/src/external-policy.ts	100644	bef48c6a799628b9f9e6f384923cb8eed637ad053ecaecdd104cb16552dafd07
	packages/core/src/history-query.ts	100644	8a89845ba73aaeacfb684ac6a7f3c01d63ce8000367a735485e883f8d1f8eb9b
	packages/core/src/identity-browser.ts	100644	83bdc585c07729389b971ed43dc12c908392d6fbeb41f7415d99ef099432eea2
	packages/core/src/identity-challenges.ts	100644	e6168dfbbfa8aa593faab0f2f01c20ac77ec01b0cd19b63e3ca4cc2649c32a66
	packages/core/src/identity-codes.ts	100644	46e64f7ca8dba17d795167a0f62b1ad722cf453d9963097078d8da86b3bf5787
	packages/core/src/identity-factor.ts	100644	425fad4a4d687773cba5830231345f8a9c152c346719f5b91d24da490fdd9f37
	packages/core/src/identity-password.ts	100644	688691b11860470846d0aec6dfd4395d697c9796969c1ddf3d6914dd6aa0f33a
	packages/core/src/identity-proofs.ts	100644	9c67be7cbb4e9e00263108be9eb8dd4b48ab0c4e5371da7b0de96572af8ed2fc
	packages/core/src/identity-provider.ts	100644	e770f8ab2765b7ce65d37087ab2bc35bb9b1485a3600255edb94a9b319bc5f67
	packages/core/src/identity-security-events.ts	100644	93029a518308eff03bd96e2795b1b10190a3980ef68144ef5e04da829e7cda33
	packages/core/src/identity-session.ts	100644	5931d802fc44dc7e2d0c39abf94090005b425b2cd87e486d6b7d04170fb5a733
	packages/core/src/identity-state.ts	100644	3722a36895f54a56c5a54e538a2385c9ae2c809c0100bb4a8c412a703747ca7e
	packages/core/src/identity.ts	100644	304df1ef567465c5986078c528c690168a2df224d2603b39c0e49ca8b5b7cfde
	packages/core/src/index.ts	100644	350f6ca90edd3afd36df85433b4b9420c2a9a2460b61a87d9eb528889adf2b8c
	packages/core/src/notice-source.ts	100644	33abb7d47c20303c33a0de9a203a0ce6b9b0e98ee0cdfe628a43ab2354522e47
	packages/core/src/notification.ts	100644	6a12f871d5451251982b305018997d5a66bd0bddd5acf8507981b9716de77a77
	packages/core/src/order-acceptance.ts	100644	06e660825cc711db48215691a8e4138fe025d88efc26de138740b010830c21c2
	packages/core/src/order-assessment.ts	100644	fd7ac47a111a4292cd9af300442d40da88325504e3b2d06379bbb71d5ac734cd
	packages/core/src/order-review.ts	100644	6d4ca8049b5f1454ce8406a53b08b7a2ec75a14b22484f43f12b24cf7a25649c
	packages/core/src/pending-notification.ts	100644	93fea755e0e5d016814df152d396e5125c05ab1bf16be16dd80e624682b97be8
	packages/core/src/queue.ts	100644	2b6d11fd000fc822a89953e14bdf44a03748e7634b92b9cba11e8e9aa9729511
	packages/core/src/recovery-codes.ts	100644	8a27a490cd0bd1ffb5c52dab68145f979e9b8d0fc04995c34527f959468787fe
	packages/core/src/references.ts	100644	d351fb60fea282b2774fd0a5de41dba9efe84241d3a502b52e2a3142004b0c26
	packages/core/src/scopes.ts	100644	d3907a7291d9b8e6951431a00277c0bd1fbea23e7d4aba1f80708665f8f9d150
	packages/core/src/staff-access.ts	100644	559f49e373bb3406145a07a44e54b484f5340799cf326eb6955ac38983d08525
	packages/core/src/work-inquiry.ts	100644	0c3679cb3a1ac1ad750879a65d40f478c7a7613ba421d5602f575c5a27391681
	packages/core/src/worker-authority.ts	100644	0fb36726160af2db362e50e90632bb977ceb65697f7e208c3e222c97bad2bc2f
	packages/core/src/worker-consumer.ts	100644	2e26468dfcbc2b639760f41955748a4fe022ba513a789bfd54f72e9abc212c77
	packages/core/src/worker-effect.ts	100644	bcb3cab7c64499f1ee0ffe31456c33aa0d8eb71b2295f2492dd6620dae6a61f3
	packages/core/src/worker-observation.ts	100644	b930712ca134017557a2bc50cf93b2a0b43ee3a5262afdccff60051a97992ee9
	packages/core/src/worker-processing.ts	100644	e84dbee193331c031e6c63550b0f9114f21503d0e068bd96718bf37d77c54dec
	packages/core/src/worker-relay.ts	100644	85bd6e01f4437549b27ac974d345beacdf1dc7d2ab79c1851de06bae1d32ef9e
	packages/core/src/worker-state.ts	100644	0068bfa2df916aa2ec0b00cfd5258db123403f69e62a8037e9d263afc75c358b
	packages/core/src/worker-traversal.ts	100644	16ea3735bbf2d4c50cb454a7da5c339ef267703269fb3909affa2401c5b9e029
	packages/core/src/worker.ts	100644	633e31b1ae232d6833e62f658013951e1a6b17544f6fe9f63691915e2b5348dc
	packages/integrations/package.json	100644	23a34a4e655ac83ff877f474d52dfe366902ef1e50cf4299adf1de4b9326ab32
	packages/integrations/src/availability.ts	100644	023bd613d5203e6e0a8dedec72bf82286fb606dfc4a6b8137fc300c8226e09dc
	packages/integrations/src/cognito.ts	100644	804a3bc12f3cfc564b071157642446ba18e9787f93644bff081585291d4766bb
	packages/integrations/src/deployment-compatibility.ts	100644	92cf3c11bc143d4a43baf81285ef1c317a1cd63d568b622de1265ddab1a4cce3
	packages/integrations/src/deployment-control.ts	100644	2e1520f0c2a9d913dc6a90db3709e54746d0cd464c4284851c136446fdfe8a8a
	packages/integrations/src/deployment-store.ts	100644	c5d4504cc9d67e7477d9ac3f1fcc2f5a6beafc10dfabd5a745bb767a1b73a175
	packages/integrations/src/incident-store.ts	100644	9672938ed8cb53325a32d440f633b41612ab7552ebdcee9b3912b74634262ae2
	packages/integrations/src/incident-types.ts	100644	3714675adc8bacfd5a4eb099cdbbe7aee7816f386d998198793245abfade5654
	packages/integrations/src/incidents.ts	100644	73bf11f6efdc94a0120950431c8031e1867b08e277d908fe31b01442c5c1bbfb
	packages/integrations/src/index.ts	100644	736a2db16d223fab15de91027ff766494e07ca9e4d1cd9e6f575972aacf3da6e
	packages/integrations/src/operational-connection.ts	100644	b572c7ff90aead51eb8297926b620454a6ad120b4156a3ad9ac3a7671bfa57e2
	packages/integrations/src/operational-sender.ts	100644	9a5870f966aa0be0116e9c408408156c60273e65ebe8ccd611cd682855e04bc9
	packages/integrations/src/runtime-configuration.ts	100644	0e05dda2323c4f98a80d4f277343a49dfb61fa07f4e12dc7c7e73cb728d4f314
	packages/integrations/src/runtime-loop.ts	100644	300db475b525617e0db50481435ec56cf4356e9de3e1cda48e76c256c1ef6447
	packages/integrations/src/runtime-store.ts	100644	ef387339118e1414bbbadac30e0a913f93ab603419ce6be39a4632ff6c65affd
	packages/integrations/src/sqs.ts	100644	586fb98b90d2d26fe9067908388c7479edabe3c9b811571bd3da8c637a526576
	packages/integrations/src/telemetry-policy.ts	100644	85a36712a979abe30ebca8e17e278012c80202bf94012dca0be883063d51da48
	packages/integrations/src/telemetry.ts	100644	1e440a09eeee17eb421dd74dbfdbe2d46e8e1bab67281d8bf5599e35bb704913
	packages/integrations/src/tls-configuration.ts	100644	fa9cb8c63f45458309646de490bc736fe5900fbe4f51258b34393fa60918e35a
	packages/integrations/src/unregistered-verification.ts	100644	16c14cce26eabfee5eb04cc57e583d3fb264000a854abf54fe6a37a7b845ecd1
	packages/integrations/src/worker-batch.ts	100644	8624df7a40530f32da3ecef519e9b6658ce9e2f860730b1cb50755028e348f18
	packages/persistence/models/u1-v2.json	100644	bfff031a710c29b932d682303a07cd743554f073ef25dc1ca68145ec235129b6
	packages/persistence/package.json	100644	bd392c37f028dea122da1fa107db8f866bff005dcf9e50d88b68c8689eff5011
	packages/persistence/src/data-source.ts	100644	65a85e2259acf07b16bb594596cd5091790dedb209ea03e2ceae62e456f18892
	packages/persistence/src/diagnostic-migration.ts	100644	5c9fee8534e66b8df2ed91bf9d217647c12f827c32099fe5320ba81c99811874
	packages/persistence/src/diagnostics.ts	100644	aac73f5962dd4bbf738a85821947b49f8ee90b6e045db8503b234660eb5f8771
	packages/persistence/src/encrypted-challenges.ts	100644	8749d2e4d924f6ee1ca9048001cfc11cef277ada587feaeb8c64ec33a704694e
	packages/persistence/src/http-attempts.ts	100644	65d906bf0994c4afa630094a011eacd6b93bb151f90d3d07a5023e855a3d49d9
	packages/persistence/src/http-auth-intents.ts	100644	e77e3385be1cfbb28091b85563879890b1872c187c9a72c7fd97907eb8e4a100
	packages/persistence/src/index.ts	100644	6f28921896b45f31a7ca3bf3e36f276caf3bf58df7f8405d9d069ecff9a4aca0
	packages/persistence/src/migration.ts	100644	616e4cb5e2490a730defc28127b3f47fc5b4e83f6ee7aea3038cac13e266824d
	packages/persistence/src/model-attribute.ts	100644	ccc0638f1c89d495b726fc6f5d64bbf86e891f1ff3102945db09d6b71aaa9419
	packages/persistence/src/model-catalog.ts	100644	7d6cd6e3a912897cb41a2bdba1ffc04250c9d0d9877086aa96d66aa6dae1ea9c
	packages/persistence/src/protected-store.ts	100644	658e7a91efec5bb5f7b6dfec98a9ee2592d56429e96afd88ce978b49b22ae28b
	packages/persistence/src/protected-transaction.ts	100644	fa2dda4e974bef5f8c8b653d00924834366037cd257bb45040e53cd9655c84d4
	packages/persistence/src/protected-write.ts	100644	2b06fcf6301a94a9c76d5c0f9bc6acb6d6458142c9d2ac54cc0aa7c5234f8c25
	packages/persistence/src/read-index-migration.ts	100644	50733d539d1b5f8bf268033e69d5319d27e7f05027d43d312280430f4d1a9871
	packages/persistence/src/recovery-migration.ts	100644	700806308caf59150c243ec5480a988e6a7503575df5680c9312b69db098a2d7
	packages/persistence/src/recovery-replay.ts	100644	1c16af4e1f5b40df960844e3afe6b741db574c4fc12355707dd3082c34487a7b
	packages/persistence/src/recovery-security-policy.ts	100644	55b6a2bde990f3baee443884054b2931e2cca833c77e55abd36057ec5eeb7d3b
	packages/persistence/src/recovery-security-write.ts	100644	5694ed1db588f742fca7597aa33a043a16a262b3a9867838c960226e8d759b40
	packages/persistence/src/recovery-security.ts	100644	d93beba1d5924555b66c042587249a6c8b746ec01175d186b5a129e27135bf65
	packages/persistence/src/recovery-types.ts	100644	924436dc40af4e11d18d07db90dfa1a7e1e805513e786d7e4823444a03d27161
	packages/persistence/src/recovery.ts	100644	653bb2bb61417df83fdde1581bb0ca292ede054aa8bc63bc8480eb5d8df82d3e
	packages/persistence/src/security-state.ts	100644	30aa7d02d056e72b47a17ed54b521344b73ba5b5c5a25aedae5ed5d29e36a1b2
	packages/ui/package.json	100644	d46da6ad89b2a9fc711b25ed38f9791424db5902fd150a7239a1405ac4129ccb
	packages/ui/src/application-panel.tsx	100644	eb93eb337e4efd929062623c716188b88420446adc9f53bc1043196b26e47c2d
	packages/ui/src/bff.ts	100644	67013bf4753131da9b10a1842f6ee6c7becf2da8ee32d387504983ebfd7b0956
	packages/ui/src/business-command.tsx	100644	ee2d516d6dc7f9f6e27182a4079cc8074d047c25778d5ee88c16d4a49aa87196
	packages/ui/src/catalog-panel.tsx	100644	c5d728f246ba6cfa566c030a8e4cdd0734031e9f1af763633207231c59ab5240
	packages/ui/src/client.ts	100644	62cb9fd05107cf1b139524ff50cc0c581369439a84c36ad688eaf89adf514f81
	packages/ui/src/context-picker.tsx	100644	96541aa621639cb1fab0b95a06f869513c0cbd583bc275843e1ac14fe77817ef
	packages/ui/src/enterprise-panel.tsx	100644	9da2329e726c1fb0369ea5d305e2ea7f1c0ebd0e4602923b96d6f532e0b8e9e0
	packages/ui/src/forms.tsx	100644	22bddb389265e6f713d773eb56c145134895c95f38d2604ce310ecc833fb53a2
	packages/ui/src/index.ts	100644	77aae592e13f15dfe54e171b0f14103dd08634f6769b991153d845692e33d91c
	packages/ui/src/limited-stream.ts	100644	3ffe42b519af952f967a199a6a320c6a76a5639e6a15be84cb71a1325082401a
	packages/ui/src/login.tsx	100644	dabb34bb838760ab8b9afaa56683b5aaba3a8d5688fa6e56097155fd40101fe6
	packages/ui/src/member-panel.tsx	100644	4f7dca6bb0702ab91f69f9fb3aec7747406ca6bdd5404c53164b06e2a65ec59e
	packages/ui/src/notice-panel.tsx	100644	dae0cd48f8b377a135a676f45ce84e8652ff1088e9b216b5e5b908a9fd039803
	packages/ui/src/order-panel.tsx	100644	28b38e18dfac1afb84074b62c1215ffdd4cfc6357b9fbe94d4bda8e27b064787
	packages/ui/src/original-intents.ts	100644	acabe82740c0cf5831753610c30a5bd607658c0f47d0c2f05e41472c451568d9
	packages/ui/src/polling.ts	100644	aec8021fef50bbc7f6160631094337bf24a701b4ba8f13139b6c77f49acf0627
	packages/ui/src/portal.css	100644	c3e2f3fe8f7fb939e5a1ccddff3a768e4413d521404893cd0fa870fc6b56f7c7
	packages/ui/src/portal.tsx	100644	cf8c8fb0fa94c92af70dd0f6aeea850ae0680a5975724a8cf9570f59742624f5
	packages/ui/src/security-proxy.ts	100644	c64e59b773737643f1befc07f0b47afba98c57c45469a545acc13fc4a708f61f
	packages/ui/src/server.ts	100644	3f7c7e203ea63aeb80948089972f36e7b702e16d0d1947a0ff704dcefe771d38
	packages/ui/src/staff-role-panel.tsx	100644	46eafc4e9258df55cb374cfbfba26d0dff6f44f124e5bfbee25732333f3cef79
	packages/ui/src/ui-types.ts	100644	f1f5ed263b93be83272fe6e7c1a63e7285a174148a8717f11a62f3caec9479d9
	scripts/u1/bootstrap-tools.ts	100644	3fa136ec76c40f54eb10c5242e8e062caa124893dcfb8ca3b52a242bfb5becc5
	scripts/u1/cdk-bundle.ts	100644	77d2257da87860a0f3d6154b8da61373895ed807e393ae3375d60886bfc30a82
	scripts/u1/check.ts	100644	67cfa6a5aaafdafcbcd8db1f79637a5bf1f1ae5d7b1c07af4968f7e2c2dbbece
	scripts/u1/ci-bootstrap.ts	100644	636f674092abcc57ee83a58205291e5ef3d5c7e3f12ff50dd806e9bff7fb0671
	scripts/u1/ci-full-proof.ts	100644	bc35dd55ca7256504dc36fe58e84520883c6b4b5662ebd47cb5740a7a1f85abc
	scripts/u1/ci-local-health.ts	100644	bd83f5c6553d89c21c620fecd3d576cb6b07f7279f083e7587efe56fcdfe50d5
	scripts/u1/container-client.ts	100644	a398dae64b8be9558157de6190205158482d706761ce5d5ab36a23d83cae86a9
	scripts/u1/container-flow.ts	100644	29162d277100717db418988591cb1e8cb7cf0752699f0f8802d6aac0b25a4fa7
	scripts/u1/container-positive.ts	100644	9ea35cd4cac3351f7e85bf57f27d89fd0f0cd65d297463e3534b4128268652e2
	scripts/u1/iac-findings.ts	100644	59c4fdbc1a78fd76c0ec0b5e8bfa0fa4ac45129d48e94527861c32bea2bd56f3
	scripts/u1/large-recovery.ts	100644	85896c4122018a1e1238ffdbd2b2120596ac59b958222d46970996e1efa5fe20
	scripts/u1/large-restore-runner.ts	100644	1d33376ebb58b26c42d9bf6308806c39f100680dcdaac3390f30036cb3b073d3
	scripts/u1/local-databases.ts	100644	f74484f904907395b33ea5a277a15850f4e380c0a6091fbe4ad9728c2f6d1edd
	scripts/u1/measurement-provenance.ts	100644	85d4bb9a4a4a1bdf9ca389ae818e53c82d52e352c06bf134e6ce0d0e3e2e9ac7
	scripts/u1/performance-statistics.ts	100644	a8e3e0aa19f26067614155cf8598ef62a11095dac2a23b71d6624a77cc20140c
	scripts/u1/performance.ts	100644	73cd8de568cd6a25fd589d57ef3b951a832dcb2ad6cd6ce587ee1898acad08ba
	scripts/u1/prepare-test-databases.ts	100644	dc0ab67116f22afaac0b43d6b69e553a78351c0d5bf78f508d8674f7c0321183
	scripts/u1/process.ts	100644	843136cd667d967703fff6235899f480c740f3f05cfa28f6a88cfdbc228e2988
	scripts/u1/profile-observations.ts	100644	3030d327735e350533a603afb9016f5da2c8558dce3bbe6178389b98add5a9df
	scripts/u1/profile-ui.ts	100644	b8a7b7d79d3d3ce1fd49388d42ebb1a41078651faf1ef2fa9c5952bc8b0abaa9
	scripts/u1/report-validation.ts	100644	f5324fe45e9d26dbe80697b4617a049396026849d4771102cee53687b9a3dfba
	scripts/u1/requalify-performance.ts	100644	7e1f22bc6d4749d02b830eb84a9ecf394152d09b07a771aefd539f0ad2eb96e5
	scripts/u1/runtime-security-report.ts	100644	1aa6a5902dd8652d5897945817f1b59e5a7738ea34b9cda104b47b1fbc3ea7f8
	scripts/u1/runtime-source.ts	100644	fe42709f2608d90b3c939acef0c06411462b8a49a40d1ae7b21c8669fb76579b
	scripts/u1/security-policy.ts	100644	dd9ded00dd6e95bec3d6228c1b5550bafee2e088e8177a175523ce17f35147a6
	scripts/u1/security-rules/nodejs.yaml	100644	eed00ab904b1c439c4c4d6064fd61a50407f042c288a92c9cbd347ddf2fea78f
	scripts/u1/security-rules/typescript.yaml	100644	63fbcca1826e787ca43282bf139ccec16745ad6551c87850b9ccee9ca9f98c0b
	scripts/u1/security.ts	100644	8fe8843f2a8ffd4925aa6081878711f5108a9c536ff0fe6939c705b3a5972efe
	scripts/u1/synth.ts	100644	7bf2515a8df116179d386c9d4ace86378f75ec872a9ff64631a58ac1ed428c24
	scripts/u1/verify-acks.ts	100644	64711613e7e70169be434ff389c409dc216a4b07273b9f1557a68e80f1cfb2a2
	scripts/u1/verify-skeleton.ts	100644	bfc627719c8d209f497fd367443144cb31a953d0b3804c3065502641b677065a
	scripts/u1/worker-recovery-evidence.ts	100644	bb60c0d380ec2e206f885e0d3a2042787633459f68a904b69be2fe353308b926
	tests/u1/.reports/u1/e2e.json	100644	85a90f70f52e5da766b8ceafb10e6d86e8e51a9cd9ce5650281f2ccba470f3a5
	tests/u1/docker-compose.yml	100644	8ff69f92cc73bb5c0e95554cee862f6e69a41601e04b8bb7489818fd69dec51e
	tests/u1/e2e/foundation-flow.spec.ts	100644	10e70d8a69042c5182b3893408d96001e522a38b7ea0accfbb3046d4e342cac3
	tests/u1/fixtures/container-service.ts	100644	c36c68619c433aba868c36692d62e9a8611577eca6c953aca2d3e7b968494ebe
	tests/u1/fixtures/container-web.ts	100644	2f309ed745ab9c75c498d86f187f7ff01c0bbe65d4e4f6f4319ff5a6bac92d03
	tests/u1/fixtures/databases.ts	100644	ef9ddb40420bc2e0a91955e382c444d5854ecd2e5bbbac11923a5a47125c5075
	tests/u1/fixtures/empty-performance-stores.ts	100644	11e846a7b35e464bd39bdb837c06b73f66573aad2e47275c8923ba502faee98d
	tests/u1/fixtures/enterprise.ts	100644	e71cb2a3e4c51f318e5ccbd380e2f2564bc701b4640ce72235ec2d5c3c3988b4
	tests/u1/fixtures/http-client.ts	100644	283d1d398ade76c2d4ce7e478258070c089377e2c512e696315cf13fe615b5a3
	tests/u1/fixtures/identity.ts	100644	7405bab277f6466055a8bbe426333f372ace5a134ab58099e79c231080e65fd7
	tests/u1/fixtures/journal-entries.ts	100644	ab5e60a689d2f6cc38150cf45f93cbef188bfeb6a9388e28134a359c44814a0e
	tests/u1/fixtures/large-restore.ts	100644	b0c1857a4084c2ed2c8c12ce374967080a9b6b304d7c96fd2f63d6f859f9bd7b
	tests/u1/fixtures/local-service.ts	100644	14a51568493c73ece28f79378d73876efdca6152e2d94b7522307d88f7fd9a29
	tests/u1/fixtures/migrate.ts	100644	09f7e5bb5cc713c4f039a4e533a8823e65d972ae438df53d24e3d356b1b76935
	tests/u1/fixtures/performance-orders.ts	100644	7b048eaed432794041e6bc1f86f3d1e93e2a1c1e0aab9f7c3e0a1255e8915746
	tests/u1/fixtures/performance-preparation.ts	100644	283bf07651983136b4149dd169f144830dab379746cadf0ffd79dcb8d77f32cd
	tests/u1/fixtures/performance-resume.ts	100644	be8f898d38df690e85ec3ef3106a886c05ee3722f1cfad4542d60872ef59c6f3
	tests/u1/fixtures/performance-service.ts	100644	b11d74004f470f08331f6ee94670a8519bd2974d2fb4337ca32c3ab62a2d4b4c
	tests/u1/fixtures/performance-staff.ts	100644	5dc0131837cbe89b06122c233a985a978b6e8fb4d7173699e631a810aaf2b6b3
	tests/u1/fixtures/queue.ts	100644	811398e6f7a329cc56ac39cfd1d767f15f557927b9903a625a1bb7b99ba128e0
	tests/u1/fixtures/recovery-preservation.ts	100644	1b74afc2a21477c8a6af4641d5d3da12db1c91ee3f163d3c2ec67ee55f5c2b3f
	tests/u1/fixtures/recovery-resources.ts	100644	95a8b112ee684036bce7295b71c402ce95a4a57ad7a732f8699f50c0aa01b1af
	tests/u1/fixtures/recovery-security-oracle.ts	100644	74fe75d0d43b6a3334af630c08e702d8ee01464e0e4d94b7eaf4c5628cb7170c
	tests/u1/fixtures/reset.ts	100644	4d2bf1457b776775e240f8d07d0387ce1dc8e0f4c4f15686c5c96b81a03fbc13
	tests/u1/fixtures/staff-bootstrap.ts	100644	8dfecce85ad9d1097839c3580d38e56431cb4bd082a37f049ba81dff5133b345
	tests/u1/fixtures/telemetry.ts	100644	ff425abaa8d0ba76270fc7498820917fda562a2804dd5c297ccfc6cf911f15eb
	tests/u1/integration/auth-access.spec.ts	100644	2a5a9041b264fd2e77d141d906ece8b5fe645129564fc8f56741d4e0c7e6a33f
	tests/u1/integration/bulk-profile.spec.ts	100644	e77d15339297b3f62bd604b71fa6e9721c03d6dc59056b81f1b97c2bff8f0f92
	tests/u1/integration/business-flow.spec.ts	100644	dd278381a5648d918a1232eb314c6589f98d21b024302f5ab72845fc80235c62
	tests/u1/integration/contract-bindings.spec.ts	100644	cbb651d54efed36c002521ba40d17509fc96f0ac01d7446447e3ae2183780f1d
	tests/u1/integration/deployment-compatibility.spec.ts	100644	7bf4f1334fee1e37618d78ccbd1c059f3768759ed87b71227f95825fa9a0b6a5
	tests/u1/integration/diagnostics.spec.ts	100644	ebd51551651fd74ac34ec64da9438c538a9190aac26461503f6c799904b42aba
	tests/u1/integration/http-auth-intents.spec.ts	100644	c0e8820c101441f63d0b5572a5a1b57fdc2daf59fcdf4018531c3d6950464576
	tests/u1/integration/http-boundaries.spec.ts	100644	92bba28a01d3a0fdae8f6d82db70eb6ff60165bf84aca8813b5c159be4f82d93
	tests/u1/integration/http-primary-ac.spec.ts	100644	85b6be3ce81d896ed46992bea7e02c53341fe15e0a596a11c4a6b389210c3702
	tests/u1/integration/postgres-models.spec.ts	100644	2a72b1d20ddf93a8b464831f69bd3096a253960f3ad8293b5829a2bb472235ef
	tests/u1/integration/recovery-replay.spec.ts	100644	00d3ac85f1bd6afe74ad20ecee654a3830ea9543db13e46777945f574bc8d21c
	tests/u1/integration/recovery-security.spec.ts	100644	7363b7250e33cbc654fb911c5277d0bb18504c0b079bdb79be6a09d2adeb5f08
	tests/u1/integration/recovery.spec.ts	100644	1516bb7d206b825470143e512e409eac063e2ef8fcdc2d7ad357cf8152be9674
	tests/u1/playwright.config.ts	100644	4d01e16d5ae5c44c4998563bc2dd204f32ac0f390bf4aeb9d6e30fbe08b42741
	tests/u1/profile/session-profile.spec.ts	100644	9c85d54c573977b6e9cb1bda826c06a0c1435b32549bf623f94a1b94e19f5e60
	tests/u1/profile/worker-profile.spec.ts	100644	e97637b2a20a72603462dae6c07e90f2fc7c8f08a712c671970a839797571bbb
	tests/u1/unit/adapters.spec.ts	100644	361846f33b63c9916437a16d417a8aadc9e0e17649d6ecf954b21c7ffe6788fd
	tests/u1/unit/admission.spec.ts	100644	7cbda2d3cbb85b9a5c357656812453f9de7f616d2291d1cb4cba0035054d9020
	tests/u1/unit/api-start.spec.ts	100644	c6be8163547482e11f72665dc3c4f078305a410525b1848d64c948be71297460
	tests/u1/unit/availability.spec.ts	100644	82ec34f5fdc909f53d59a2b499a6b9d7b92cacb9b85b7a023fc538da0b92785b
	tests/u1/unit/bff.spec.ts	100644	7d15bbf44984133154f44fb6a8ac6ff7a85771fe67754b0a1d13e8be29b45e91
	tests/u1/unit/bootstrap-tools.spec.ts	100644	185ad07e3aaed8f13609db1373177be5c2899f4715213f69378a5fbd27928df0
	tests/u1/unit/business-command.spec.tsx	100644	44c49f91d65c47d9a15119fca0b2d4f0a582976e3beb17d3104a1cae800fd88d
	tests/u1/unit/cdk-bundle.spec.ts	100644	6614bf859e8ec3b5ce872dd40130aecd83c981d1a390767e4133c38ac9356d13
	tests/u1/unit/challenge-cryptography.spec.ts	100644	8c7ee79bee0d7fda2b5e86792d9e630dbac1fcc716941f5ff9537d6367fa5dd5
	tests/u1/unit/check-runner.spec.ts	100644	3b255abb07422188f07bb5a31b1859003242acdafe980980cb48a5febe160dae
	tests/u1/unit/ci-local-health.spec.ts	100644	2965cbc6e1d8eeb646893a1b384eb1644bfb280ec992b279cb233bcbf9d96e31
	tests/u1/unit/container-client.spec.ts	100644	2c28f67bbb0661673b1e0a99ba319720c26ca6c7ba4d88738fa3858ad87dc904
	tests/u1/unit/container-flow.spec.ts	100644	4103d001fb9babd6d609afa8531cef96f142ef24dd725f43ba3ec0afe1362581
	tests/u1/unit/context-picker.spec.tsx	100644	51b189b54ca6b2d4c9347c820befe856034dd8f2d427a22aa00687971de69252
	tests/u1/unit/contracts.spec.ts	100644	138d01e144e190395e3a57f37476a0565a8005c621c204751f9c2fa62996b192
	tests/u1/unit/customer-ui.spec.tsx	100644	f395c44412500fabdb954e9ecd3d53e480b5c14d9335d99bda8d1a0acd7d0e3f
	tests/u1/unit/deployment-compatibility.spec.ts	100644	01596695c94657167e2d7e9ef7b108742decee78b49ebbf5ccf0435f6feb609e
	tests/u1/unit/deployment-control.spec.ts	100644	610c5db8a86c29c969c88b422c0bdba2704d4962d8470b35684244538beec3c1
	tests/u1/unit/deployment-store.spec.ts	100644	14978a8a5ac62d100fe623634c7f0b362ee2d9c3ac2b95e06d719e23fe88df30
	tests/u1/unit/enterprise-access.spec.ts	100644	7107c85ee9a5e5aa80b0d6b43f69823dcbf016773ef60300a750eedea92e1b0f
	tests/u1/unit/enterprise-panel.spec.tsx	100644	f4263510a47030418514ad94ddb0a8bd779f655388b27a8b31475ee31a647a78
	tests/u1/unit/execution-budget.spec.ts	100644	da77449236f0c65a4b6daca6049f31bd845bda83a8a26bd4f6ebd0e2296299b2
	tests/u1/unit/forms.spec.tsx	100644	a3b859f2cdd5b7e45b22da95230a25f85ac66a7fbbfeb50ea7bf6c7a9adeae64
	tests/u1/unit/http-observation.spec.ts	100644	f90d77aa34333a96cbbdb2b58c26f2e5b733043dcdde24b3965ee5735189fc84
	tests/u1/unit/http.spec.ts	100644	9a9c3a30643e7c106bea5f6b8946166291c0bee642674a648e6b51d3cb1f88b9
	tests/u1/unit/iac-findings.spec.ts	100644	9767cdaa59afa64a7da074a9ff85b96edb01d0132e5491e3d8d3b1bbbbf00c61
	tests/u1/unit/identity-browser.spec.ts	100644	efc2a78a3bbf0e21b0edf927a0e09b5d94e660cc8bb9fcc6755ae20991912f26
	tests/u1/unit/identity.spec.ts	100644	595bcf19148ae8625285c92b4a2d86421d45b5fb192e9c387b691d1b7862cb54
	tests/u1/unit/incident-store.spec.ts	100644	d975eb27178098987f5e8b0724fd7d944ba870ec55a28048171f997ae5ca357d
	tests/u1/unit/incidents.spec.ts	100644	fc8880550fd4adb6124dbdff36301446a325ba161e4f7df4397b2cd94da7bae8
	tests/u1/unit/infrastructure.spec.ts	100644	bf3ec48e89c85ddc9488e03eebf146220971abacace8821c25c294486784c826
	tests/u1/unit/inline-schema.spec.ts	100644	6670f79ef761574c3ba1d74ccbef1d4cfbd6fec4ab845fd0fe1113c361bd91bd
	tests/u1/unit/large-restore-runner.spec.ts	100644	78b6cdb75bc2dcf9605769a653ad9ec2720768ac2df110c3442d7279714c1143
	tests/u1/unit/measurement-provenance.spec.ts	100644	07e97c73e8e8b613826bc04f97f09a45033c52747cba8b08735afe59920416e5
	tests/u1/unit/model-snapshots.spec.ts	100644	d5b42f6f6e6bacac9f83b32bbd4ab0d13a44a44dccf9ea3c137986ef813b2f33
	tests/u1/unit/models.spec.ts	100644	559a559ec130e368ea0121d71e94ab7f6ae055d04f918bdc56fb70bcf6cc1ba3
	tests/u1/unit/next-configuration.spec.ts	100644	324795dacf61f4febae2f6bc5c2e3a667dcf5ff4f1657a36e0f7a7f753d68e62
	tests/u1/unit/notice-source.spec.ts	100644	c7231beb78196a954c4db6bb58cb2c15a89c02131eab2efbf2f573c8b85334c3
	tests/u1/unit/operational-connection.spec.ts	100644	2f87187017d79c819a39160c0157e0bacd9bf77aebb9cdd9f287f6e1caf19099
	tests/u1/unit/operational-sender.spec.ts	100644	0a19c6c36e1e0f725965d186edd58fed81960865930e0c91901597f26202764f
	tests/u1/unit/order-panel.spec.tsx	100644	b44209d46d72a0648493a7d0f69034631ad348383190a04a79161293e9f86fef
	tests/u1/unit/original-intents.spec.ts	100644	abec3e613f34fb36817bdf52c6c7cf942ae88affcd33cdac12f9f633a3b7236b
	tests/u1/unit/performance-statistics.spec.ts	100644	3809350d17dee6036917314c6e5f6002cca8e4222dc934e72cf4407416ebd5d5
	tests/u1/unit/portal-session.spec.tsx	100644	c5c653bfca6419388c1f006d887633582dd898192b71ccc19102a0e352f6043d
	tests/u1/unit/process.spec.ts	100644	c820c899edadf6f365fce5b55e608d7322fa83630ce4f8dd561b639db5ede9aa
	tests/u1/unit/profile-observations.spec.ts	100644	a4f8d5c80421b943e9d72cbf80d87dfab84cf86f38bad51f55b60d5ad5cba2c1
	tests/u1/unit/profile-resources.spec.ts	100644	241fb5bdf9f9d9235f6d99f9e9fe583e0ce4cc5147051d5b058f8a1bcde162e1
	tests/u1/unit/profile-ui.spec.ts	100644	638d544167062035632eb39b526fecac5b7e9ef39396efe46abbe6bb781fd7ca
	tests/u1/unit/recovery-payload.spec.ts	100644	fdc2313b6b73b87d09c998468f3b3724d2c395c38c9b7cb83505d31ff8d7f3ef
	tests/u1/unit/recovery-security-policy.spec.ts	100644	d48897a1dfdf3756cf63826ce87f6458df464bc3661f118fa2a9aced4b27b03d
	tests/u1/unit/report-validation.spec.ts	100644	8e4b710b0907886376f1e3cec55e07690a278c5731c5af168b13e19235417cac
	tests/u1/unit/requalify-performance.spec.ts	100644	820659979532284377e2a685a2d21f3b5cb85e472a2ff3352cc831c6d862fa39
	tests/u1/unit/runtime-configuration.spec.ts	100644	e1973e890458917a4443880af3720ffa75553e59c910650e9e752e686c871803
	tests/u1/unit/runtime-loop.spec.ts	100644	879910ccc709590b131320f1a1a6115b04e09ba9a6266d3807e2c6264dd11da2
	tests/u1/unit/runtime-security-report.spec.ts	100644	8bba973db96b141d61d7718c3897057cd84d2e3b6d75883b8d1abbd47305d3b4
	tests/u1/unit/runtime-source.spec.ts	100644	59cbb474163d645c85e584e65349e9ab80f7c39e4f6a751f10e2b4b7403b8a32
	tests/u1/unit/security-policy.spec.ts	100644	4d1a7efbaf7e6f6e0e7afe70ab8985bfd962a6abb311083034228ab0d41be48d
	tests/u1/unit/security-proxy.spec.ts	100644	1a96d2bd82321711b2d12ecfe873ef04613fcb97aa073c01eac0fe2ec49ae64c
	tests/u1/unit/security-runner.spec.ts	100644	2fec05bacc7b3b68a53ca2eda815c4ae48813bfd0f443c4def345df6c80e13b7
	tests/u1/unit/security-state.spec.ts	100644	bd2957f0ff3b93edbcd09668f8a0c770745603681aabc5225e5929e8237da6f9
	tests/u1/unit/skeleton.spec.ts	100644	901f645c0e28f98b05c577d90c8268bcd61cdfe66293771d40f0db3697a9a27a
	tests/u1/unit/synthetic-visibility.spec.ts	100644	f0aa9dc562bd82469c8fc1208ca2ddb9bdae024e28d7185e73ceb014ddddf866
	tests/u1/unit/telemetry.spec.ts	100644	a0983a9bfd575ec037efacd50aead0361322d37e65876a617ff5037177be22e8
	tests/u1/unit/verify-acks.spec.ts	100644	28184ec02a4d89cc370a8242efceccd300e5f5844234ebec3a8670aa323ebd42
	tests/u1/unit/web-start.spec.ts	100644	39de7ea2a1ec33f04f95ccfe174974007746b7e3cb5940e4a254e03935c82eb2
	tests/u1/unit/worker-batch.spec.ts	100644	9faac456c9bd6f9e1409650eb5b4298eb8ca338d1b9161a3b20572083280c7d9
	tests/u1/unit/worker-observation.spec.ts	100644	ffca8c7e5476c749a18c2352cf8f410903a7b26b3faa4e6b296beb4efa7d9f3a
	tests/u1/unit/worker-recovery-evidence.spec.ts	100644	7a57d7f5ecdda73e00048add333a671c29c591e88d9c01c7376b00ca6cc1da84
	tests/u1/unit/worker-start.spec.ts	100644	3b079311dc2270301e8f4823048f0f4917e4c58f03954038464aaa9a999ecc6f
	tests/u1/unit/worker.spec.ts	100644	bcd3f0e9a5a0f757930541c79f0a280c479cf02839c73911cf62fc0a78b6eb56
	tests/u1/vitest.coverage.config.ts	100644	391692f4692b02ceed673b08f6bc9207b19acdd8014d5c2ebd9be68a7b45d0a8
	tests/u1/vitest.integration.config.ts	100644	476d55835518eb84de66d1ee3021db637ea6d8aab73597b03d1dc55c31c45b86
	tests/u1/vitest.profile.config.ts	100644	1ad3fbca6f4d233c9451ab59f3c021b598d22d42532c3f7f82ad2f42301af4c4
	tests/u1/vitest.unit.config.ts	100644	0d399e5bd8b78dfc443637c4303961fc19a2f1d9cea427e5fbfdcdba3951734a
	tsconfig.build.json	100644	cd67ebfd095cc8e6127a248d12cac8997b188119b02ce1a8761716a02360bf5a
	tsconfig.json	100644	ffc7cb0f847d57d4c7f92824cb8ed3ec8e99149b6a8e3155ea3c87dc57b59b5e
