manifest	c3bdab5f83125c5cc135579c98f76ee326fca7b0354aeb4fccf097a67da83926	-
	.github/workflows/u1-validation.yml	100644	b7f120c2ec7edf8f9304121d3ca89f3539b950069ef79a6f3df95ad98b953b1f
	.gitignore	100644	7b7e42194d81d2b9bf6e3c5a411656b8287a788d6a2d306a80e0cced7d9c48e9
	Dockerfile	100644	aaf6c25a38802156f69e2874251be477b15b897f4175f26c5fc97eb37c70dc67
	apps/api/src/application.ts	100644	2ccf5c8776764d68d3c0e847f622ce1e8cfa0338678940d84ab8d4fadc62f5f9
	apps/api/src/authentication.ts	100644	265f7953774db461fb940fdce036f1060f0ab0d8406406b7cd87d22ca9d99ee5
	apps/api/src/main.ts	100644	981bc01c0740999d8302880145ddc3f9d703f6b1cbd0b8c36ceb18cbb41c71d8
	apps/api/src/observation.ts	100644	9e33ed46539662198bf5d442de3376a02f61b976d6b12b5b8bd47069e4ee6dda
	apps/api/src/operations.ts	100644	8b11089ecc64d0710729d7c4b273953fb522e2f9f9a86b7a05e6e3fd81a2382e
	apps/api/src/u2-authentication.ts	100644	c7b036441eb990db9801fe005e13d7d489c15ea741007835f44318a3a9f08229
	apps/api/src/u2-operations.ts	100644	6a85c57e0602ccc2512099fc6820c81bdb95d3e1e4d04db979e0856db5802285
	apps/api/src/u2-routes.ts	100644	e48e2595e35576f08afeec5357d3c65975f63bb0e44ad939477dbdc2e272f663
	apps/customer-web/next.config.mjs	100644	29aa9987dc72085c692fb8e2a5851798110fa3d9314abc80420dfabd36a8a1d6
	apps/staff-web/next.config.mjs	100644	29aa9987dc72085c692fb8e2a5851798110fa3d9314abc80420dfabd36a8a1d6
	apps/worker/src/main.ts	100644	c89b2d47df9970db5c36d73342187a1f37acc719265d8adc591a20cf4b14c5d9
	docs/u2/coverage-scope.md	100644	6b13608f5a77ee4e5cc1230b2b2fd47120eebfcad0f8911511c3c788dd7a59ed
	docs/u2/modules.md	100644	f1447ce033d2330bcb36cdb73c2acf66fcff8c6cb9f55ba23db66d9a300c9c08
	docs/u2/pilot-verification-change.md	100644	888e2f8f7a041f623576f3bddff322ce4ac04b8230a7daf23e4f5fcf7b8297f0
	docs/u2/runtime-profile.json	100644	e08ce8a22ccb1b7510a5f5d4f8eb2dbf1d6e3148be3d99555d607f144dbb8586
	docs/u2/secret-exposures.json	100644	37517e5f3dc66819f61f5a7bb8ace1921282415f10551d2defa5c3eb0985b570
	docs/u2/security-exceptions.json	100644	37517e5f3dc66819f61f5a7bb8ace1921282415f10551d2defa5c3eb0985b570
	docs/u2/verification.md	100644	8177c646040d5c5c6c0209b27e26973e77b6c32cfe789f460b2175c6c92a4103
	infra/cdk/src/compute.ts	100644	c47907f2fb891920452e4b9626b169c570296b502cdccfb4e04b59752f9c8156
	infra/cdk/src/profile.ts	100644	6533aa17dbc92338f5cf8b847b35e946a8f7509039ed7883e0b7a70514e9e684
	infra/cdk/src/runtime-binding.ts	100644	08aeff2c4d2e40d6f50a6a83908350bc3897c7c7d56660d38e45c5987ddbedfa
	infra/cdk/src/stack.ts	100644	b64e012302f38332cea12b1b3f4ab526cc1c15f7c8fa6dfd1259dabcdd13fe9a
	infra/cdk/src/storage.ts	100644	90195ad4dd8bdf9950dcee5d6114b1f423de127c7890e5ac5162946e945c3792
	package.json	100644	ad69b22ee38eb087ef63f48cf71d0878fdb4362ec54111b36a4ab2a803a3dcf3
	packages/contracts/schemas/u2-access-additions-v1.json	100644	760582168f7e8c1036d96105735f4a663d987c95b75a29826177fa909ce5a439
	packages/contracts/schemas/u2-operations-v1.json	100644	67730b415c759d0051cefdfb9686dac3a6bb7964d3c9c2296b0e4e8128a0534d
	packages/contracts/src/index.ts	100644	3d351fc865dff7543322bc42026cddd901d7e679a655110062adca3efcc3d5f6
	packages/contracts/src/registry.ts	100644	66cec6f5412953239baa587d7c16fbf5569fb46850b3af046b3f540f1d23ac68
	packages/contracts/src/schema.ts	100644	a42e25849913700ce91769ccd25f28d73a74e5e1de15a2af1edba81b32e20c95
	packages/contracts/src/u2-declarations.ts	100644	20a8733ce8c37f908d970db1aa24e7fdff93e009122673a9f62b71a92d9eed72
	packages/contracts/src/u2-types.ts	100644	688078d4db177bfdb322f8aaba819bc188dad67af25c310f0f890ba46d23cc51
	packages/core/src/administrator-restoration.ts	100644	9bb23773da419b60361358ab95c9b914f2e85005d6de203dfcdbdf81e86cf74b
	packages/core/src/authorization-fence.ts	100644	e48d308618dd8673dc8ff11d086d63cec867f080fd897598a65273f4fc21f79e
	packages/core/src/authorization.ts	100644	1b3cf429751bb4cc8be5438ddade024fa3eec7ed3952807fbd5f767207346982
	packages/core/src/current-customer-scopes.ts	100644	9cea00ff8a33779d26296613411d165b60d24801477904081b90e346a9c4f5a6
	packages/core/src/customer-contexts.ts	100644	e419250f7578947de2436c73496de052276210b8fd81606ea86dd2cba9258eb9
	packages/core/src/emergency-recovery.ts	100644	7860191b35f4d8ddbd88f99cf011ca923eee9472a1e19b9b94f12a2200cba9bc
	packages/core/src/enrollment-authority.ts	100644	ffb79aa1a38e069fc97ab52f04b6276b65d899604c8934cbcba105930feb1d48
	packages/core/src/enterprise-access-state.ts	100644	5670d766f93a657e72aa081118a55e39b6617585ec5dede03e5cfad2151cce47
	packages/core/src/enterprise-access.ts	100644	a498b736ab38a29ffa879497d4bdec14de2bc5f527e1529c7c1bcac276c848b2
	packages/core/src/enterprise-invitations.ts	100644	4aa016c5ac94e8f3e28ae3ee5401f5b510c4b84bb277e1916033f656eec93b50
	packages/core/src/enterprise-memberships.ts	100644	d02d455658e71626b68841d3833bd9d1b68d186659e1c14fb4556e79fd5f623e
	packages/core/src/enterprise-organisation.ts	100644	e2c4cafcf31ce496e801ff294cd98261cb38cafb613883353dde51d7523336f7
	packages/core/src/enterprise-query.ts	100644	4a5f467f6448335ae2efe595105d16ca809cd419c49e9dad88898b64705458b2
	packages/core/src/enterprise-role-revisions.ts	100644	74d3293e969ee6ba20e113ad2f970694e422e7be454f0a1888ef85eefeb48593
	packages/core/src/enterprise-roles.ts	100644	4838872f07483ebe0df2db3b5ad4d6d7877c4333f1097e575a73114007322e97
	packages/core/src/identity-challenges.ts	100644	4003ccdcceb5c3633ebb0b214dbb4aa44be6f50f5085df60f7bf143f543399fe
	packages/core/src/identity-codes.ts	100644	d384cc60b18984475715dd630917fa66c7acb485eded4a8e89d6d07d97263981
	packages/core/src/identity-consumer.ts	100644	d1d9a4b3d849ff2878ed97b77aeb572805e0d3364c2dcb96c3dfbb2a393dd671
	packages/core/src/identity-factor.ts	100644	d2fc05366138d1213e6f8d52a8faa3aa30874eebcd6a2f5479c1728477becab9
	packages/core/src/identity-provider.ts	100644	551262f4ae25ff49431b655f03fdd9c7feb9fb38f7af3699b825fa12a25ad71a
	packages/core/src/identity-security-events.ts	100644	ab1501b056db1f9d62080424528563eba579c4518511d4d2710c78fbc837d2d1
	packages/core/src/identity-session.ts	100644	397654c8e3723a3c8400caca8646956b3a237e6dd3d6fb166281d72f0fba67e3
	packages/core/src/identity-state.ts	100644	6c1219fc8da62aa98135a5509c50cc3d0fabaf0d4c468bee06713a5f71f17aff
	packages/core/src/identity-work.ts	100644	c2147daa7543b6e64b46f1e2840b9620920e3c5cf87721bdea1670c1cd82eae5
	packages/core/src/identity.ts	100644	34e67ef96000c8bdda884eed6de5e3325b24db39ee83c1dde6d2af7ab3ce8769
	packages/core/src/index.ts	100644	eeec9186360eae665b1b68b1c1757e0dfc80ec19eae43fa2de83f1691ffb7dc8
	packages/core/src/notice-source.ts	100644	fa4e07618aeae17ad1b7d7f72628d4d54c4541b29c3022ae772dbcbe39e15a89
	packages/core/src/party-claim-context.ts	100644	4818dc1095ed018655cfacda6d08ca33e9b4788db014e59734adf73b3b0bacc8
	packages/core/src/pending-notification.ts	100644	6e6bfe0249960186f494435f3669b4490121b212de2094e6c2120d44ba51ddf4
	packages/core/src/purpose-verifier.ts	100644	3e18da0d0f6f2f92822cf4147bd17736322f695996d0f7dbcede388f08b3ebdd
	packages/core/src/queue.ts	100644	02f0cffab633e5156114459b3df0016f1ba47854721b1d9eb21896e860d38a82
	packages/core/src/recovery-case.ts	100644	5cd96bc72551cabfb50944bc69f9717daa6600f669ae9477cd5242594b85aef0
	packages/core/src/recovery-codes.ts	100644	345e574fa9bebdf3d8c0782b4a47a17b9610d033b3bf8b2929159f8f4a7c7053
	packages/core/src/recovery-completion.ts	100644	297cc51e05bec3da6b1f8ac55b32b28c47e6925cb639cc63a3a77be28e7ca529
	packages/core/src/recovery-handoff.ts	100644	f19eaf42f2f93345ec1f05dafb10c3d7a03dbc17cf503dbb27ef65a370d85456
	packages/core/src/recovery-hold.ts	100644	119ec6aa493630041478aceca0623f1a21e0a6d47f20706de413a567665f0012
	packages/core/src/recovery-verification.ts	100644	d1b2d04d4aedcc9662b273a5ebb68c0260b4f35fd004f54555ade36f6f1ecb9b
	packages/core/src/scope-compatibility.ts	100644	2de5d8322064531d8531f1074c7cce67d16a6bd12c5d081b2593b31d90a259b0
	packages/core/src/scope-v2.ts	100644	d5ce84ac8dbbf3797d9c855a557ec3fcae6307920e4a684d99008af32caf6b2c
	packages/core/src/staff-access.ts	100644	a4a9711a0b3ab92ead27f5224fa276656b578e80c1c5ba7256ae6c1f71f92537
	packages/core/src/verified-person.ts	100644	7f3ccca4bb3abf0ac535d8ac6db26ac203f95b5d8fe4501bf73cf6f7884d5f44
	packages/core/src/worker-consumer.ts	100644	48df5c748b97d15ff0f55449f3a57557f9aea8b0a0f351ef25ca0700e98f4147
	packages/core/src/worker-relay.ts	100644	6124bda032cda63055dce816d53b1931c53e4bbc21dcb1d811666d8f03497869
	packages/core/src/worker-state.ts	100644	f4c537c75cf7f9dcc1ff244263bf76367e63c9e8831fe5435f08892f2c2aca2a
	packages/core/src/worker-traversal.ts	100644	dfd39cc480633305992045728753d5b6d48ce28bad33181e88dd8a1d895d5a02
	packages/core/src/worker.ts	100644	a2660b1962eb712d4b6b6b8614db9b9c3d9aa53a4514da5ad3c4bc5d2878e4c9
	packages/integrations/src/cognito-recovery.ts	100644	da78518b5519b31bca600a8c80553cdf976dd5b49c31de863b323123d07fa65f
	packages/integrations/src/identity-capabilities.ts	100644	35e95cddcb2a178fbc6d1d2f96f4b9cdfc952be68c163b4f17a10c06d1130d19
	packages/integrations/src/index.ts	100644	57bac8dabf70253f2c23ba85dd0ddf6d9706582bb8ba9c6c96243bc60187c945
	packages/integrations/src/runtime-configuration.ts	100644	f377192bd83880caa0865640c37de583fbad0a3ba101b2fabd61ba26077b9bbb
	packages/integrations/src/runtime-store.ts	100644	67869d52c4dd9a614c39b0b88f00d8eda0d4b4e600a38460fc94cae8f4fc264c
	packages/integrations/src/sqs.ts	100644	e0ff8f38488edd332065ef306a294ff4c25bffcfc7525e57f98aaf35c6e1119a
	packages/integrations/src/worker-batch.ts	100644	16421254ec174fd5fade6512db7db7920307154d7aafb61d57f314ffc9bc4de1
	packages/persistence/models/u2-v1.json	100644	9d3cb8126788af86dd7c7c256c16fb904008394ed228227e3c8a24e7b246f0c3
	packages/persistence/src/data-source.ts	100644	0b4add1c057f86677eb51b904fd6ee4bb3045bc2f4708d0eaad9aa34e2bc3b94
	packages/persistence/src/http-auth-intents.ts	100644	80469c16b1d00d63aad19fdaa4d73fef620886dce6c75bdf8441abace72ac69d
	packages/persistence/src/index.ts	100644	39a22974d1b41d596530e366dc87402a88929de4faf71230a7887c45ea201ce2
	packages/persistence/src/model-attribute.ts	100644	eb74732188e427055b14434123f47003c7c3077f9e215e3d796f68d8f3f46312
	packages/persistence/src/model-catalog.ts	100644	cab5c5816c7ff0cf04e46b62dc558187895908fa61ebad530c0a06d27295f64e
	packages/persistence/src/protected-store.ts	100644	c6a1b30458bfdb0869b84754da63288234b253ddd82553f265061b63d667c6d5
	packages/persistence/src/protected-transaction.ts	100644	deec62de760b74b72741dd4dbc4d42b82e6357aa4f4e99fff4c1e73a13bf116f
	packages/persistence/src/protected-write.ts	100644	18fb0ed053a8f1611eba45a4b0db94d7f903c5dce550f0c331ffe9f35b39432d
	packages/persistence/src/purpose-secret-vault.ts	100644	e1c4e0f4ebc25ca792bee10cfa2944eaa6520807f7fb8cfd2d8d7045eba19d6b
	packages/persistence/src/recovery-migration.ts	100644	bf45963ccac611a2190e6d6e3a6158d7828e8fc0dddd80232e1b31474d54be68
	packages/persistence/src/recovery-security-policy.ts	100644	5f714a6e342f3b2f86eea6ef3116de5505a55e7533a6018b076e88353ccf2f15
	packages/persistence/src/recovery-types.ts	100644	42a015633b0da75946962fee3738a943e016781477c55e4c2accacc65e743039
	packages/persistence/src/recovery.ts	100644	e904913be558648787fe670c05b6a09c3af323206b7a58eb11e333927c8684c2
	packages/persistence/src/u2-migration.ts	100644	38e9532802f2fa0247a07c3e1bd49e8bece8f004b7cd0facc9294c10b6179487
	packages/persistence/src/u2-model-catalog.ts	100644	230c05f4642fb342efc1c303d2c14ddfa63a8ebddc6eb26c24e678717520ac41
	packages/persistence/src/u2-model-decoder.ts	100644	b4aa399bc1de7f9e6bedebbf91ca5aecb0fbc6152ff8d0b4527cf154accc9914
	packages/persistence/src/u2-recovery-payload.ts	100644	e2c4f0c28e5e8fe2ac901049e8ca7e6f93a4b04ce2c4c89220e2ac205a86971f
	packages/persistence/src/u2-repository.ts	100644	7c4c241a9f49ce24ab1d8edb9a4aeedb7bd185813dfc4007a99f283e6721bae3
	packages/persistence/src/u2-security-state.ts	100644	d1357a794dbf8d36b59986eecbe8af22f8f322346e2763d51cab77b4cfa115a8
	packages/ui/src/bff.ts	100644	016c5c46344634625fcd51b7b0b2e4504c3af84ebf6c3ab42da727f0d33cf67d
	packages/ui/src/client.ts	100644	1c549ec7e74984bfb499d6d710cfd741436ef6b11c4f8c8606d2cfe322bd0348
	packages/ui/src/index.ts	100644	8890a3f8b91d2425211a27cfbcb9f07e8bf9883a4c6a5f3d1779a2e9b1b25f0b
	packages/ui/src/invitation-acceptance.tsx	100644	a973c8bb99f7c45bd3b04e17865f37467983796a542167f75dd9625259286c9d
	packages/ui/src/login.tsx	100644	ebe8a2c7517165b2fbb2af00bae4b37efd8e655e5174d6cd46bdde89bb1b601c
	packages/ui/src/member-panel.tsx	100644	e3ef2053e2ce0ee25d115e7c7e9a6b5ef5a5d33b6c883a03a49cf7fe30b5c4b5
	packages/ui/src/portal.tsx	100644	4f666f988dd173921554ce5a696f86c34c337ba87b2917e9ea0d82317647b1fd
	packages/ui/src/recovery-claim.tsx	100644	19a472d865f874d6cd7dbd8c24c623963ba3d9e5f5c19485eadddb70eec7ee76
	packages/ui/src/recovery-status.tsx	100644	0c0caa13386825e2560b0896975f99e5a78b00ea2d6decf5be918557de37ffcb
	packages/ui/src/staff-role-panel.tsx	100644	e32c26f19e4785b27434d356861697bf940cceb61c80c054f22cf96af73e8347
	packages/ui/src/ui-types.ts	100644	2c528c440c5c78b7ba33c0711d33e464e71a9da15c57ac4aa108f59d8e539c42
	scripts/u1/performance-statistics.ts	100644	314d721f7ea83a29dc89587212621566d4ba7ed62ce08f8b581cfa4e6b44579c
	scripts/u1/profile-ui.ts	100644	cb43004d9d13101a0b942bed33648aa667bf2dd1613eb525f79d9d71fcfff8ce
	scripts/u2/bootstrap-ci.ts	100644	99bf8dff5148117ff3b40a5f12b4d3d19b7003b214528267e56073be9249a80a
	scripts/u2/check.ts	100644	8752b34ca98036cdf70746b05bf15bfac6b25386315b46e59b4d9fe623ca5a07
	scripts/u2/ci-full-proof.ts	100644	e5c7c60b72cea9ac1e8de441db6317c7de7b2328eeceeb61fecc72522427c595
	scripts/u2/coverage-aggregate.ts	100644	2cb380809ca7cd1059e788baa49072a89fe88f8477a94c7b56b610342c6dd091
	scripts/u2/coverage-evidence.ts	100644	179e0119b692d1b66acc85b7bb69675fad949353ba8d162515d7a4861ed612e7
	scripts/u2/performance.ts	100644	bd9905ac43a1b5ca466f823ebf503091b460a114c9ae962cae67389fa05ca442
	scripts/u2/prepare-test-databases.ts	100644	84834bbedc0cada6116ebccfafb6ca207562ea52f19888c4867546dd59be5623
	scripts/u2/recovery.ts	100644	e0d882dd3de973b12a8d01545350055609d0e0854ff2c2a7193cc00a2d6f9764
	scripts/u2/release-validation.ts	100644	efc5771022345c123bc40c12ce24d4d0a5b6c914c617a1a0613d5bc644d4011e
	scripts/u2/run-u1-regression.ts	100644	1c7801491e8eeb091ed3f84af48e05874a91965d4c8cd2439d5ae3b84a55fbfd
	scripts/u2/runtime-security-report.ts	100644	289ed95479d313419be095237604cecbbd3189604ac351ffbd52f2fd3b0071d5
	scripts/u2/runtime-source.ts	100644	ccdb8297760d7cfa32e375e2a286aaa907f439f1a9bd9f838226e01fb974c9ae
	scripts/u2/security.ts	100644	7759327d65a8712388dae7a57645c48ea2dd52fae927d27d55c25eaabf8e851f
	scripts/u2/synth.ts	100644	b1c020a2fc5b1c3f328bb370cafaf071f03927274eebd91fc672b22501c4d0f6
	scripts/u2/verification-profile.ts	100644	c8439b136344aaf63d5c9b7c691d5c96eeadc606b6066c6579d821d87f12e3b3
	tests/project/vitest.u1.coverage.config.ts	100644	78d661207e606b7016f4c7206732cb3a76549220823fcf202d04052706b1e82d
	tests/u1/fixtures/performance-orders.ts	100644	59c5062f8d1a944debf70a079f6c96bb224f9850fee4c31cde42bfaf4e088c43
	tests/u1/fixtures/reset.ts	100644	c4af9f0ee4b63653e2795b6d53ab3c0d095df2eb8a05ec1b658e17bba0cd348a
	tests/u1/integration/business-flow.spec.ts	100644	9871e8833e2f1b45fcffbd9886064f5e56e3ea8bc380fe3cf98f5339571c7375
	tests/u1/unit/models.spec.ts	100644	69dc78d0f0d701a6fa2e2c4cad04e2226dea293ec84b17386136550894b4580a
	tests/u1/unit/performance-statistics.spec.ts	100644	8f26ee692482d0f29a0bdf4caad5b9d0a1974c13f1d340a0a03a36b2f256c47d
	tests/u1/unit/skeleton.spec.ts	100644	dafef5c6d3dad6fe108d6f260970630a8c3ebcb562e7ff8b503a222b80a8bc81
	tests/u2/e2e/invitation-flow.spec.ts	100644	fdf84834583976105018e61b38563a50dd46ba57e2d9d7eb8884c9963db7a4db
	tests/u2/e2e/recovery-party.spec.ts	100644	25d2d20af3648bb49174f750be2212704ddad67363467718063c1dc76c24f596
	tests/u2/e2e/staff-boundary.spec.ts	100644	c9bae23022d9c0b8caac1d3ba57c74ceba7b68952f24c5b122ec5b1373987a22
	tests/u2/fixtures/clock.ts	100644	7be73c401fb45939b0c0e75a98bff66db7e185625fad17ae66a172333013caa2
	tests/u2/fixtures/coverage-export.json	100644	77c58b1b4c7ad45087fac7ef48e2cdb41b42168bc3aff9d5be9bac5606d06f1c
	tests/u2/fixtures/databases.ts	100644	dd37b9998bdfc61ad88148db72d9ca9485d04dd57a3e72982ab2bf55eca0b801
	tests/u2/fixtures/enterprise.ts	100644	0b7bcb2554429a7e03879623af403dcc772ffb897b43b4ee6d8dee8522563676
	tests/u2/fixtures/http.ts	100644	93ef05f526da2c2029bd08b4ee1d6daa0944023c2d5688063bf088fbd31c845d
	tests/u2/fixtures/identity.ts	100644	4c0a1521898ebaa3c934cb7454cb23f65bbf684131198f9314a0046f01fec18e
	tests/u2/fixtures/local-service.ts	100644	bbff2f9c509eb19dbd6825cb2b8f40b6d0fc319afa80d4abaa79ee9aeaf676c9
	tests/u2/fixtures/pc.ts	100644	89ecd2bb5fce6623a3436f7bee2c0365f438910d5911842fc129b60e1978c519
	tests/u2/fixtures/provider.ts	100644	043bd6433c211614b93949a40401f94b572a5ebcd3b524a5a97d135491cc72ce
	tests/u2/fixtures/queue.ts	100644	a851207a56b227fe9103cb313bbd0d25593904fcbb3180f0d51e9935dd4d904f
	tests/u2/fixtures/reset.ts	100644	134fca0d1b7a4aa469cffaf69392a3c210ade6579e2d5f3fd874dc48e1d1448a
	tests/u2/integration/administrator-restoration.spec.ts	100644	f6ae860e8994e24b46c373be2c228501849ec0c9b9f2bec6151f6890ee3cf98c
	tests/u2/integration/authority-race.spec.ts	100644	2fbd081cd5976e5bf5bcc2b427bfb9f38951cc6a6b8567f4c03ad2faac58e7f1
	tests/u2/integration/handoff-race.spec.ts	100644	3477b697b712f5c63139b50e912fb31e675f3be466b119bf9fe6f6e4797d6a23
	tests/u2/integration/handoff-recovery.spec.ts	100644	8e0587d5d7e3aa9b10bd3619086c366ee4dcd3e6815033b1b57b978582e19dd6
	tests/u2/integration/hold-transitions.spec.ts	100644	df894749d5e4db1f2ef526cb4c83c48db8d3149ffcf772ec01af56f83e13af56
	tests/u2/integration/http-access.spec.ts	100644	181dbef76298a9882f9ea08f4a269e7618e398887a4b00f2694abd8c6671f67a
	tests/u2/integration/http-identity.spec.ts	100644	b9885a3bf4dc79b17e212aa10b01c9b044dd7d4157d17cba0b846db47a30a67f
	tests/u2/integration/http-primary-ac.spec.ts	100644	5b7fc230942d02d81ac84be37c097a6950034512e2bb327c111b73da01dbec4a
	tests/u2/integration/information-projection.spec.ts	100644	1de3c92f400ef8981f164efca12eadae359337fc50fde9ca020f2e512c5fa5f4
	tests/u2/integration/invitation-race.spec.ts	100644	351bc3eca4a49d5e06bed8031371fe5d81b33c8e281cf79de1a9628b69af2a7a
	tests/u2/integration/membership-role-race.spec.ts	100644	f274aca83c609e1cdaff7f493e1753270630edf81708372204c4a251fe2701eb
	tests/u2/integration/migration-compatibility.spec.ts	100644	931407ede9840c6e78ee79f1826b5c680ae0c3dc7fdcfe0c8dfa31b6eca339f7
	tests/u2/integration/postgres-models.spec.ts	100644	bae38207a94b567700702642948a07b14e3fa081de137609b404d424bb971a7c
	tests/u2/integration/protected-state.spec.ts	100644	39381f3f031e109aa0864a011604ddae1fe2307aa356c88b86fecf0583b037ce
	tests/u2/integration/provider-unknown.spec.ts	100644	e6812b0db1a1d4f0ca70485c80a12f6b6bac2aee9ac119f80e16b3e6d6e62b88
	tests/u2/integration/recovery-completion.spec.ts	100644	271c1421c53de8e696525518149f7ae0b061dd59e087c4431096d6ef4af46b46
	tests/u2/integration/recovery-concurrency.spec.ts	100644	fe7f90f24cb13929118815e2faaebfc7ec4a658cb3aed7b0f8e860e8186cebb7
	tests/u2/integration/repository.spec.ts	100644	e62657445834f8e92c23d73145decdd7ed03a5561e13225f66e850562e8bfa09
	tests/u2/integration/runtime-security.spec.ts	100644	5109ef3f1de8a0cc590577335555440d69518f90f15910eafacf1cae047e3f0a
	tests/u2/integration/secret-lifecycle.spec.ts	100644	0c544e6b21163b8a8d6637de8b1bc9da01193be193f031dfe90565ac7c335059
	tests/u2/integration/worker-boundaries.spec.ts	100644	f6e24e83b88e066bef6202aaf868123b944582d1b944332367058123d41ce750
	tests/u2/playwright.config.ts	100644	ae8b597c9eeccd63fe38332ce446a85f58dd6b86ee92735a56f4dbcdb4aeb69b
	tests/u2/unit/access-state-ui.spec.tsx	100644	cc49704baa104bfbe51024350e24136d3a80e8e148a7542cec09ca9f3af44753
	tests/u2/unit/administrator.spec.ts	100644	f506447ce19ff6db5567095fd65a155c29208f54ca205909d922a12cd1e17870
	tests/u2/unit/authorization.spec.ts	100644	bc9fe6803e12b1119d0d6d80c6d1d29f97a40acd1c0684ccce6f3b20680ad1cc
	tests/u2/unit/bff-purpose.spec.ts	100644	79662ae5378fb7311d6089c00acf1d5edf4a70b0ed650b42538bdeb448a953e6
	tests/u2/unit/ci-report-gates.spec.ts	100644	25bb05d8bc883d8a9b07bf042fde56d16e058ee564877a3087881792ee4a6af2
	tests/u2/unit/contracts.spec.ts	100644	b06c84adb148c81631357744fe81bfd5f1ee31d1d054be9074ce628021d5901e
	tests/u2/unit/coverage-aggregate.spec.ts	100644	4353d8ede30ea4fadcdddac810649c0d9da64c51a8c8e6b58b29740991ac0fb2
	tests/u2/unit/emergency-recovery.spec.ts	100644	025ccb7fd6331fc09fe99f0a9f43451451497fb7daa8816caaa3cc879d7bd317
	tests/u2/unit/enrollment-authority.spec.ts	100644	b724c20b92dcd65532c3eceed33ff6d46f305debf9ab63ad0fb0e219db520afd
	tests/u2/unit/expired-work.spec.ts	100644	b1645d9ba80605bbd4939ce799b4e07996fb7bdc044f6c00f3ca74b4bab50692
	tests/u2/unit/handoff.spec.ts	100644	e0fd782f4d4df7eb5136cba5e857c05d5228a6fcb228be140013c2a6e26e5cad
	tests/u2/unit/http-contracts.spec.ts	100644	228f1fa059458ab223fc4efe506a65f50a76c794a1167c7f32167648d5ed30a0
	tests/u2/unit/identity-worker.spec.ts	100644	4aec6dc5921bb620e835254a6a61e8438ffc40e517a38022afc7cb9340175485
	tests/u2/unit/infrastructure.spec.ts	100644	fa3996be9e4e776fadb4586a31694a34bde4cf122c2a4e4d64c65eabb193d02e
	tests/u2/unit/invitations.spec.ts	100644	8f3d55df4f4e7dc55445fe3a7f3b4bc35ca4cce806b3706f5a30ee079c85ca4a
	tests/u2/unit/memberships.spec.ts	100644	8903e6d1990c11be892a7651e807843035dd5512c27cd7d7c09b1c83fdd10ff8
	tests/u2/unit/mixed-sqs-batch.spec.ts	100644	b1f9852a219908829c94ee0419667f9a9feee2206d0c79ec3d538c7ce0932355
	tests/u2/unit/models.spec.ts	100644	35bda46595b9639fe8a2ebb18514f8e0a0555063938e728b76d50a6cda2755b0
	tests/u2/unit/party-context.spec.ts	100644	69fd4f79ef95dcec09082bf788e1c1fa5e91fd1711a39fa5b4f6873357a7efda
	tests/u2/unit/profile-ui.spec.ts	100644	a4347babb7ce0a2497b1b8b615e3f7feceb52b49a334d54e4caf866e456a7cf8
	tests/u2/unit/provider-capabilities.spec.ts	100644	23a4d606b357e03f19233199a6a2a8959c2362f52426e67e97d0fdb17675a11e
	tests/u2/unit/purpose-ui.spec.tsx	100644	452108f1d5db5db34af78281fd53f605f8ae63c006ae8e602b0f2ce260580145
	tests/u2/unit/purpose-verifier.spec.ts	100644	22c3e8e4adb1ff12fcc300a8f5fbc41471c1baa9a7f202dc616d7c6a7c8a161e
	tests/u2/unit/recovery-completion.spec.ts	100644	f7b52acbafd584449e274b9efbbe0a55b978d68c631fc1f19a4be5711d86330b
	tests/u2/unit/recovery-hold.spec.ts	100644	f788e75101df7ce2ecd74b6e2c2c029cb7bd75630e5ece8f0e75cf6f4916f17c
	tests/u2/unit/recovery-payload.spec.ts	100644	eb7c96ffdb1d358e4e13e7517d83580cfb76cf2ce8087af7330955caae85263e
	tests/u2/unit/recovery-verification.spec.ts	100644	c5985acc1c92d5e5482bfe0027439736c36f4dff308e9052225f79776114227d
	tests/u2/unit/resource-budget.spec.ts	100644	a5f64ba334bb589f1100ac795491a7220f8e1183556059293dc30a81310d1508
	tests/u2/unit/role-revisions.spec.ts	100644	6aa6df542a69dd5304f6206b78db8239b96c39bf43a0e0bf1a187dea3514b174
	tests/u2/unit/saved-code-recovery.spec.ts	100644	83ca1fdd80bcba9e49ae48927ecceefb9c06031a5a029ba6aaf1586656b06239
	tests/u2/unit/scope-compatibility.spec.ts	100644	3c93007a3c28a7c5b0706556ae615d7855a9f6cc815ae25ad256bed6e94cfc21
	tests/u2/unit/scopes.spec.ts	100644	8a0b300a47d9664e09470c1087d7cb1248fa8bfd0e4e4c8a0a7a241b664f8e03
	tests/u2/unit/secret-vault.spec.ts	100644	785ac6fa3ad2a00443f81758ef63b4439c5a5300b7615f559702b3240b6c2df2
	tests/u2/unit/tooling.spec.ts	100644	38c50be76a76c4c0edfb83fd32ccc7bc8e9291753e9ede13a22a304acca71978
	tests/u2/unit/u1-regression-output.spec.ts	100644	010a5215c160928facdb6e25217f18dd35dabcd098701166be04074484be3a01
	tests/u2/unit/verified-person.spec.ts	100644	8db70dde19c6e4aca5a25c40b60dbde7e9914b2da6d185363cf618346b8e90f6
	tests/u2/vitest.coverage.config.ts	100644	0d3ade607d193995831e40ea516ab13aa8eb2d47c190fc7b1581f59cdb80ede0
	tests/u2/vitest.integration.config.ts	100644	2f1031ce6ece5748878c9aabbdd673f8cbb20fa25da6bd01f0cf71191d264186
	tests/u2/vitest.unit.config.ts	100644	3d4ae352043b961758519c3aafb6896bd5cf932086bd8dd24afa53d689221838
	tsconfig.json	100644	195c7e6184115fa77647dca24c8d1c979a94828fbd45fdf61c30607d2b0a37ea
